[
    {
    "number": "3",
		"name": "Lithium",
		"symbol": "Li",
		"color": "orange"
	},
	{
    "number": "6",
		"name": "Carbon",
		"symbol": "C",
		"color": "blue"
	},
    {
    "number": "8",
		"name": "Oxygen",
		"symbol": "O",
		"color": "pink"
	},
	{
	  "number": "12",
		"name": "Magnesium",
		"symbol": "Mg",
		"color": "red"
	},
	{
	  "number": "13",
		"name": "Aluminium",
		"symbol": "Al",
		"color": "purple"
	},
	{
	  "number": "14",
		"name": "Silicon",
		"symbol": "Si",
		"color": "blue"
	},
	{
	  "number": "15",
		"name": "Phosphorus",
		"symbol": "P",
		"color": "green"
	},
	{
	  "number": "19",
		"name": "Potassium",
		"symbol": "K",
		"color": "orange"
	},
	{
	  "number": "27",
		"name": "Cobalt",
		"symbol": "Co",
		"color": "yellow"
	},
	{
	  "number": "28",
		"name": "Nickel",
		"symbol": "Ni",
		"color": "yellow"
	},
	{
	  "number": "29",
		"name": "Copper",
		"symbol": "Cu",
		"color": "yellow"
	},
	{
	  "number": "31",
		"name": "Gallium",
		"symbol": "Ga",
		"color": "purple"
	},
	{
	  "number": "33",
		"name": "Arsenic",
		"symbol": "As",
		"color": "green"
	},
	{
	  "number": "35",
		"name": "Bromine",
		"symbol": "Br",
		"color": "lightGreen"
	},
	{
	  "number": "39",
		"name": "Yttrium",
		"symbol": "Y",
		"color": "yellow"
	},
	{
	  "number": "47",
		"name": "Silver",
		"symbol": "Ag",
		"color": "yellow"
	},
	{
		"number": "49",
		"name": "Indium",
		"symbol": "In",
		"color": "purple"
	},
	{
	  "number": "50",
		"name": "Tin",
		"symbol": "Sn",
		"color": "blue"
	},
	{
	  "number": "51",
		"name": "Antimony",
		"symbol": "Sb",
		"color": "green"
	},
	{
	  "number": "57",
		"name": "Lanthanum",
		"symbol": "La",
		"color": "cyan"
	},
	{
	  "number": "59",
		"name": "Praseodymium",
		"symbol": "Pr",
		"color": "cyan"
	},
	{
	  "number": "60",
		"name": "Neodymium",
		"symbol": "Nd",
		"color": "cyan"
	},
	{
	  "number": "63",
		"name": "Europium",
		"symbol": "Eu",
		"color": "cyan"
	},
	{
	  "number": "64",
		"name": "Gadolinium",
		"symbol": "Gd",
		"color": "cyan"
	},
	{
	  "number": "65",
		"name": "Terbium",
		"symbol": "Tb",
		"color": "cyan"
	},
	{
	  "number": "66",
		"name": "Dysprosium",
		"symbol": "Dy",
		"color": "cyan"
	},
	{
	  "number": "73",
		"name": "Tantalum",
		"symbol": "Ta",
		"color": "yellow"
	},
	{
	  "number": "79",
		"name": "Gold",
		"symbol": "Au",
		"color": "yellow"
	},
	{
	  "number": "82",
		"name": "Lead",
		"symbol": "Pb",
		"color": "blue"
	}
]
