[
  {
		"groupName": "Alkali Metal",
		"groupColor": "orange"
	},
	{
		"groupName": "Alkaline Earth Metal",
		"groupColor": "red"
	},
	{
		"groupName": "Transition Metal",
		"groupColor": "yellow"
	},
	{
		"groupName": "Group 13",
		"groupColor": "purple"
	},
	{
		"groupName": "Group 14",
		"groupColor": "blue"
	},
	{
		"groupName": "Group 15",
		"groupColor": "green"
	},
	{
		"groupName": "Group 16",
		"groupColor": "pink"
	},
	{
		"groupName": "Halogen",
		"groupColor": "lightGreen"
	},
	{
		"groupName": "Lanthanide",
		"groupColor": "cyan"
	}
]