[
  {
    "sceneIndex" : 1,
    "sceneName" : "Casing",
    "elementsNumbersToFind" : ["6", "12", "35", "28"],
    "finalElementsArray" : [["6", "12", "35", "28"]],
    "finalElementsDescArray" : ["Magnesium compounds are alloyed to make some phone cases, whilst many are made of plastics. Plastics will also include flame retardant compounds, some of which contain bromine, whilst nickel can be included to reduce electromagnetic interference."]
  },
  {
    "sceneIndex" : 2,
    "sceneName" : "Battery",
    "elementsNumbersToFind" : ["3", "27", "6", "13", "8"],
    "finalElementsArray" : [["3", "27", "6", "13", "8"]],
    "finalElementsDescArray" : ["The majority of phones use lithium ion batteries, which are composed of lithium cobalt oxide as a positive electrode and graphite(carbon) as the negative electrode. Some batteries use other metals, such as manganese, in place of cobalt.The battery's casing is usually made of aluminium."]
  },
  {
    "sceneIndex" : 3,
    "sceneName" : "Screen",
    "elementsNumbersToFind" : ["57", "65", "63", "66", "64", "49", "13",  "50", "14", "8", "19", "39"],
    "finalElementsArray" : [["49", "8", "50"], ["13","14", "19"], ["39", "57", "65", "63", "66", "64"]],
    "finalElementsDescArray" : ["Indium tin oxide is a mixture of indium oxide and tin oxide, used in a transparent film in the screen that conducts electricity. This allows the screen to function as a touch screen.", "The glass used on the majority of smartphones is an aluminosilicate glass, composed of a mix of alumina and silica. This glass also contains potassium ions, which help to strengthen it.", "A variety of Rare Earth Element compounds are used in small quantities to produce the colours in the smartphone's screen. Some compounds are also used to reduce UV light penetration into phone."]
  },
  {
    "sceneIndex" : 4,
    "sceneName" : "Electronics",
    "elementsNumbersToFind" : ["29", "47", "79", "73", "28", "82", "14", "50", "31", "8", "33", "15", "51", "66", "59", "65", "60", "64"],
    "finalElementsArray" : [["29", "47", "79", "73"], ["28", "66", "59", "65", "60", "64"], ["14", "8", "51", "33", "15", "31"], ["50", "82"]],
    "finalElementsDescArray" : ["Copper is used for wiring in the phone, whilst copper, gold and silver are the major metals from which microelectrical components are fashioned. Tantalum is the major component of micro-capacitors.", "Nickel is used int the microphone as well as for other electrical connections. Alloys including the elements praseodymium, gadolinium and neodymium are used in the magnets in the speaker and microphone. Neodymium, terbium and dysprosium are used in the vibration unit.","Pure silicon is used to manufacture the chip in the phone. It is oxidised to produce non-conducting regions, then other elements are added in order to allow the chip to conduct electricity.","Tin & lead are used to solder electronics in the phone. Newer lead-free solders use a mix of tin, copper and silver."]
  }
]
